source,metric,value,sd
matryoshka_gemma,n_edges,1473,
tsae_gemma,n_edges,1621,
matryoshka_toy,n_edges,9,
tsae_toy,n_edges,9.333333333333334,0.5773502691896257
matryoshka_pcfg,n_edges,157.75,200.2471768045228
matryoshka_gemma,density,0.02996826171875,
tsae_gemma,density,3.774875990316943e-05,
matryoshka_toy,density,0.3333333333333333,
tsae_toy,density,0.3611111111111111,0.048112522432468836
matryoshka_pcfg,density,0.0031439333545918366,0.003990895583636057
matryoshka_gemma,chance,0.7589952477936185,
tsae_gemma,chance,0.0,
matryoshka_toy,chance,0.0,
tsae_toy,chance,0.0,0.0
matryoshka_pcfg,chance,0.3265572218471039,0.257070037195053
matryoshka_gemma,mean_pmi,0.36648374474810186,
tsae_gemma,mean_pmi,4.154491968402535,
matryoshka_toy,mean_pmi,1.8981809871129487,
tsae_toy,mean_pmi,1.8122346924768762,0.1488633490319622
matryoshka_pcfg,mean_pmi,1.165594221452716,0.5719886670390294
matryoshka_gemma,freq_driven,0.017651052274270197,
tsae_gemma,freq_driven,0.08243451463790447,
matryoshka_toy,freq_driven,0.0,
tsae_toy,freq_driven,0.0,0.0
matryoshka_pcfg,freq_driven,0.051242785543325606,0.08459384147465811
matryoshka_gemma,survival,0.9979945066838433,
tsae_gemma,survival,0.9090989727229126,
matryoshka_toy,survival,1.0,
tsae_toy,survival,1.0,0.0
matryoshka_pcfg,survival,0.9387218388996154,0.07811408573346082
matryoshka_gemma,recon_pass,0.5390359809911744,
tsae_gemma,recon_pass,0.9858112276372609,
matryoshka_toy,recon_pass,1.0,
tsae_toy,recon_pass,1.0,0.0
matryoshka_pcfg,recon_pass,0.9606068297860001,0.045721979362631324
matryoshka_gemma,probe_pass,0.019801980198019802,
tsae_gemma,probe_pass,0.5842185128983308,
matryoshka_toy,probe_pass,1.0,
tsae_toy,probe_pass,nan,0.0
matryoshka_pcfg,probe_pass,0.05711002417278783,0.04420363284476115
matryoshka_gemma,superparents,2,
tsae_gemma,superparents,0,
matryoshka_toy,superparents,3,
tsae_toy,superparents,3,0.0
matryoshka_pcfg,superparents,0.5,0.674199862463242
matryoshka_gemma,poly,0.9973821989528796,
tsae_gemma,poly,0.28732106339468305,
matryoshka_toy,poly,0.0,
tsae_toy,poly,0.08333333333333333,0.14433756729740643
matryoshka_pcfg,poly,0.3906345141804574,0.2706431150724011
matryoshka_gemma,gini,0.9058522148676171,
tsae_gemma,gini,0.9283136323543479,
matryoshka_toy,gini,0.0,
tsae_toy,gini,0.022222222222222216,0.03849001794597504
matryoshka_pcfg,gini,0.9588485674193612,0.02747061792518868
matryoshka_gemma,sibling,0.032681588807622335,
tsae_gemma,sibling,0.09102345494520228,
matryoshka_toy,sibling,0.0,
tsae_toy,sibling,0.053804645372604716,0.09319237946857706
matryoshka_pcfg,sibling,0.08374828547103014,0.08473506866801354
matryoshka_gemma,joint_cov,0.5057435385752853,
tsae_gemma,joint_cov,0.3806275967834165,
matryoshka_toy,joint_cov,0.6012080298317586,
tsae_toy,joint_cov,0.6584637987143585,0.09916990073108396
matryoshka_pcfg,joint_cov,0.24767521992493036,0.12225834201213476
